INSERT INTO users(user_id, role, name, password) VALUES
    (1, 'owner', 'owner1', '$2a$10$fBXWLJ/dxZCRRkbZRO3wyel9y1i/QoYl/egi92SHUaoO.BXCWAoa6'),
    (2, 'admin', 'admin1', '$2a$10$ISJU8V6ul.z47/JqZWcZ6uquxYL6WzDb0cx7r0V0y73lCblP5lRWa'),
    (3, 'member', 'member1', '$2a$10$0GhJAGgh7OlyGep75iyFY.omBBj.QdqFuin2/PYPxc34yLnU6P.uq'),
    (4, 'member', 'member2', '$2a$10$0GhJAGgh7OlyGep75iyFY.omBBj.QdqFuin2/PYPxc34yLnU6P.uq'),
    (5, 'member', 'member3', '$2a$10$0GhJAGgh7OlyGep75iyFY.omBBj.QdqFuin2/PYPxc34yLnU6P.uq')
;

INSERT INTO categories(category_id, name) VALUES
    (1, 'ごはん'),
    (2, 'ニュース'),
    (3, 'アニメ'),
    (4, 'ゲーム'),
    (5, '音楽'),
    (6, '政治'),
    (7, '経済'),
    (8, '映画'),
    (9, 'ドラマ'),
    (10, 'スポーツ')
;

INSERT INTO tags(tag_id, name) VALUES
    (1, 'AAA'),
    (2, 'BBB'),
    (3, 'XXXX'),
    (4, '実況'),
    (5, '恋愛'),
    (6, 'テニス'),
    (7, 'サッカー'),
    (8, '野球'),
    (9, 'ジャズ')
;

INSERT INTO threads(thread_id, title) VALUES
    (1, '今日の昼飯を言ってくスレ'),
    (2, 'ドラマAAA実況 part1'),
    (3, 'ドラマAAA実況 part2'),
    (4, 'ドラマAAA実況 part3'),
    (5, 'ドラマAAA実況 part4'),
    (6, 'ドラマBBB実況 part1'),
    (7, 'ドラマBBB実況 part2'),
    (8, 'テニス総合実況 1'),
    (9, 'テニス総合実況 2'),
    (10, 'テニス総合実況 3'),
    (11, 'サッカー総合実況 1'),
    (12, 'サッカー総合実況 2'),
    (13, 'サッカー総合実況 3'),
    (14, '野球総合実況 1'),
    (15, '野球総合実況 2'),
    (16, '野球総合実況 3'),
    (17, '野球総合実況 4'),
    (18, 'おすすめのジャズは？'),
    (19, '高校野球実況 1'),
    (20, '高校野球実況 2'),
    (21, '高校野球実況 3')
;

INSERT INTO post_threads(thread_id, user_id, created_at) VALUES
    (1, 3, '2021-11-09 06:15:19.716851'),
    (2, 2, '2021-10-19 19:23:02.716851'),
    (3, 2, '2021-10-26 20:33:06.716851'),
    (4, 2, '2021-11-02 20:59:19.716851'),
    (5, 2, '2021-11-09 20:25:44.716851'),
    (6, 1, '2021-11-01 19:55:19.716851'),
    (7, 1, '2021-11-08 20:15:33.716851'),
    (8, 4, '2021-11-01 11:45:23.716851'),
    (9, 4, '2021-11-02 14:15:45.716851'),
    (10, 4, '2021-11-03 21:14:43.716851'),
    (11, 2, '2021-11-09 18:25:09.716851'),
    (12, 2, '2021-11-09 21:23:52.716851'),
    (13, 2, '2021-11-09 23:55:11.716851'),
    (14, 3, '2021-08-11 13:23:33.716851'),
    (15, 3, '2021-09-29 18:33:09.716851'),
    (16, 3, '2021-10-19 23:11:11.716851'),
    (17, 3, '2021-11-07 20:45:43.716851'),
    (18, 4, '2021-11-09 23:22:12.716851'),
    (19, 3, '2021-08-01 18:23:22.716851'),
    (20, 3, '2021-08-03 17:45:22.716851'),
    (21, 3, '2021-08-07 19:24:54.716851')
;

INSERT INTO link_categories(thread_id, category_id) VALUES
    (1, 1),
    (2, 9),
    (3, 9),
    (4, 9),
    (5, 9),
    (6, 9),
    (7, 9),
    (8, 10),
    (9, 10),
    (10, 10),
    (11, 10),
    (12, 10),
    (13, 10),
    (14, 10),
    (15, 10),
    (16, 10),
    (17, 10),
    (18, 5),
    (19, 10),
    (20, 10),
    (21, 10)
;

INSERT INTO add_tags(thread_id, tag_id) VALUES
    (2, 1), (2, 3), (2, 4), (2, 5),
    (3, 1), (3, 3), (3, 4), (3, 5),
    (4, 1), (4, 3), (4, 4), (4, 5),
    (5, 1), (5, 3), (5, 4), (5, 5),
    (6, 2), (6, 4),
    (7, 2), (7, 4),
    (8, 4), (8, 6),
    (9, 4), (9, 6),
    (10, 4), (10, 6),
    (11, 4), (11, 7),
    (12, 4), (12, 7),
    (13, 4), (13, 7),
    (14, 4), (14, 8),
    (15, 4), (15, 8),
    (16, 4), (16, 8),
    (17, 4), (17, 8),
    (18, 9),
    (19, 4), (19, 8),
    (20, 4), (20, 8),
    (21, 4), (21, 8)
;

INSERT INTO comments(comment_id, thread_id, content) VALUES
    (1, 5, 'わくわく'),
    (2, 5, '待機'),
    (3, 5, 'たのしみ'),
    (4, 5, 'はじまった'),
    (5, 5, 'スタート'),
    (6, 5, 'XXXXかわいい'),
    (7, 5, 'XXXXきた'),
    (8, 5, 'かわいいXXXX')
;

INSERT INTO post_comments(comment_id, thread_id, user_id, created_at) VALUES
    (1, 5, 2, '2021-11-09 20:26:44.716851'),
    (2, 5, 4, '2021-11-09 20:54:44.716851'),
    (3, 5, 5, '2021-11-09 20:58:44.716851'),
    (4, 5, 4, '2021-11-09 21:00:34.716851'),
    (5, 5, 5, '2021-11-09 21:00:45.716851'),
    (6, 5, 5, '2021-11-09 21:15:47.716851'),
    (7, 5, 2, '2021-11-09 21:15:58.716851'),
    (8, 5, 3, '2021-11-09 21:16:33.716851')
;
